{"cameraMode":{"drawMode":0,"name":"Shaded","section":"Shading Mode"},"sceneLighting":false,"audioPlay":false,"sceneViewState":{"showFog":true,"showMaterialUpdate":false,"showSkybox":true,"showFlares":true,"showImageEffects":true,"showParticleSystems":true},"in2DMode":false,"pivot":{"x":10.877054214477539,"y":0.6890102624893189,"z":-12.382759094238282},"rotation":{"x":-0.02643599919974804,"y":-0.13839739561080934,"z":0.0037176187615841629,"w":-0.9900169372558594},"size":9.286624908447266,"orthographic":false}